{
    "classes": [
        {
            "className": "Backend",
            "lineNumber": 6,
            "methods": [
                {
                    "access": "public",
                    "arguments": [
                        {
                            "name": "planetId",
                            "type": "QString"
                        }
                    ],
                    "index": 3,
                    "lineNumber": 20,
                    "name": "selectPlanet",
                    "returnType": "void"
                },
                {
                    "access": "public",
                    "arguments": [
                        {
                            "name": "age",
                            "type": "QString"
                        }
                    ],
                    "index": 4,
                    "lineNumber": 21,
                    "name": "selectAge",
                    "returnType": "void"
                },
                {
                    "access": "public",
                    "index": 5,
                    "lineNumber": 22,
                    "name": "startHealing",
                    "returnType": "void"
                },
                {
                    "access": "public",
                    "index": 6,
                    "lineNumber": 23,
                    "name": "stopHealing",
                    "returnType": "void"
                }
            ],
            "object": true,
            "properties": [
                {
                    "constant": false,
                    "designable": true,
                    "final": false,
                    "index": 0,
                    "lineNumber": 9,
                    "name": "currentPlanetId",
                    "notify": "currentPlanetIdChanged",
                    "read": "currentPlanetId",
                    "required": false,
                    "scriptable": true,
                    "stored": true,
                    "type": "QString",
                    "user": false
                },
                {
                    "constant": false,
                    "designable": true,
                    "final": false,
                    "index": 1,
                    "lineNumber": 10,
                    "name": "currentAge",
                    "notify": "currentAgeChanged",
                    "read": "currentAge",
                    "required": false,
                    "scriptable": true,
                    "stored": true,
                    "type": "QString",
                    "user": false
                },
                {
                    "constant": false,
                    "designable": true,
                    "final": false,
                    "index": 2,
                    "lineNumber": 11,
                    "name": "therapyRunning",
                    "notify": "therapyRunningChanged",
                    "read": "therapyRunning",
                    "required": false,
                    "scriptable": true,
                    "stored": true,
                    "type": "bool",
                    "user": false
                }
            ],
            "qualifiedClassName": "Backend",
            "signals": [
                {
                    "access": "public",
                    "index": 0,
                    "lineNumber": 26,
                    "name": "currentPlanetIdChanged",
                    "returnType": "void"
                },
                {
                    "access": "public",
                    "index": 1,
                    "lineNumber": 27,
                    "name": "currentAgeChanged",
                    "returnType": "void"
                },
                {
                    "access": "public",
                    "index": 2,
                    "lineNumber": 28,
                    "name": "therapyRunningChanged",
                    "returnType": "void"
                }
            ],
            "superClasses": [
                {
                    "access": "public",
                    "name": "QObject"
                }
            ]
        }
    ],
    "inputFile": "backend.h",
    "outputRevision": 69
}
